movie_name,movie_type,movie_content
???????,???,"???(?????)????????????,???????,???????????????????????????????????,????????,?????????????????????????,????????,???????????,?????????
 
???????????,???????,???????????,?????????????,?????????????????????????????????????,?????????,??????????,?????????????????????,???????????,?????????????,???????????????
 
?????????????????,???????????????????,???????????,?????????????????????????,??????????????????,?????????????????????,????????????????????????????,????????,???????????!"
?????,??,"????????,?????????
??????????,??????????
??????????????????????,???????????????,????????????????????????•????????????????,?????????2014?,???????????????????,????????????,??????????????,????????????????????,???????,?????,????????,???????????????????????????????,????????????????
 
???????????,???????????????????????????,??????????????•????????????,??????,??????????????????,???????????????????????,??????????????????,???????????????,??????????????????,?????????????,????????????????,???????????????!?
 
???????????????????,????????????????,?????????????,??????????????????????????????????????•???????????????????????????????,????????????,?????????????,????????????????????????????,????????????,??????????,?????????????????????????????•?????
 
18?????????,??????????????,??????????????,????????????,???????,???????????????????????????????????2020???????????,????????2021???????????"
Fate/Grand Order-????? ?????????-,"??
??
??
??","???????????,????????.????????????????——????????????????????????????????—??????,?????????????????????,???????????
 
???.???????????????;???????????,???????????????????,?????????
 
??????????????,???????,???????????????……?"
????,"??
??
??","???,??????????????????,????????????????,??????????????????????????????????,?????????,???????????????,??????????????????,?????,???????????????,?????????????????……"
???????:???,"??
??/??","????????????????????????,??????????????
 
????????????????????,??????????????????????????????????????????????,?????????????????????????????,???????????,???????????,??????????"
?????????,"??
??/??","??????????????????????,?????2018?????????????????????????????????????????????,???????,????????????????,?????????????,?????????????
 
??????2003???????????16????????,???????????,???30????????????????,????????????,??????????????????????????,???????????????,??????,???????????????,??????,????????????????????"
????,"??/??
??","?????????????,??????????????!
 
????????????,??????????????????1920????????????,???????????,????????????????????,???????????????2020?????????100??????,??????????????100???????,????????????60???????????????89????
 
???????????????????,???????????????????????????,??????????????????????????????????,??????????????????????????????????????????????,????????????????????????????????,???????????,????????????,???????????????????,??????????????????,??????????????,???????????,?????????????????,?????????1950??1960????????,???????????,???????????????????????????????????,????ALWAYS???????????????????,??????????,????????(It's a Wonderful Life)????????(The Purple Rose of Cairo)?????,??????????????????
 
????,???????????????,??????????????????,???2020?3?1???,?????????,??????????????????,????????????????,????????????,?????????????,???????????,?????????????,??????????????????,???????????,?????????????,??????????????????????????????????????????????????,????????????????????????????,??????????????????????,?????????,?????????,??????????????,?????????,???:?????????????,????!?
 
???????,???????????,??????????????????????,????????,??????????????;??????????????????????????,?????????,?????RADWIMPS????????,???????????????,????????????????????????,??????????????????????????????????????????????????????????Lily Franky,??????????????????????,??????????,??????????????????????????????,???????????????????????,????????,????????????????"
??:???,??,"?????????????????????????(??? ?),???????????????(??? ?),??????????????????,??????????……"
?????,??,"??????,??????
 
?????????????????,???????????,?????????,?????????????????????????????????15??1???7?,????????82?1?,?????????????,????????????,?????????????,????????????????????????2021???????????????,?????????????????????????????????????????:???????????,????????????????????????????,???????????????????????????????????????????????"
????,"??
??
??","??????????????,??????????(?????? ?)??????????(????? ?)?????????????????????,??????????????????(?????? ?),??????????;?????,?????????????????????"
???,??,"??????????????,????????????????????????????(?????????)??????????????,??????????,????????????,??????11?????????,???????"
????,"??
 
??","?????????????????????,??????????,????????????,?????????????,????????????????,????????…???????,????????????????,???????????????,????????,????????,?????????????…"
??,"??
??","????????????????  ??????????
?????????????? ????????????
 
?????????????????????,??????,???????????????!?????!???,????????????????????58???????????????????????????????????????????????????????????????????????????????11??????????????????????????????????????????????????????,??????????????????,????????????????????????????????????,??????????????
 
????????,????????????????????,?2016?????????????????????,?????????????????????????????????,???????????????????????????????????????,??????????4??????????????,????????????????????????????????????????????????????????,????????????????????????,??????????????,??????????????????????????Pinky,????????????????
 
??????????–?????????? ????????
?????????????? ??????????????
 
?????????????????:???????????????,????????????????,??????????????????????,???????????????????????,???????????????,???????????!
 
?????????????????????,?????????????,?????????????????,???????????????????????,?????????????,?????????!???????????????,????????????,???????????????????!
 
??????  ???????????????????
feat. ????????? ????????
 
??????????????????,????????????????,???????????????????,????????????????????,???????????,??????????????????????????????????????—????????,???????????????????,??????????????????!
 
???????????????????,??????????,?????????????????????,????:????????????????????,??????????,????????,????????????????????,??????????!??????????????????,????????????????????????????????????????????,?????????????,????????????????????
 
??????????? ???????????????? 
????????????  ????850????? 
 
????????,?????????????????,????????????????,???????????????????,????????????????,???????????????,?????????????,????????????,?????????,???????????????,???????????????????????(??)??????????,??????????????????????,???????????????????,?????????????????,???????????????????????????
 
?????????????????????,???????????????????????????,??????????????????????14??????????,????????,?????????????,???????????????,???????????????,????????!?????????????????,??????????????,????????,?????????,?????:???????????,????????????,????????????!??????????????????!"
????,"??
??
??","??????????????????????????,????????????????,??Srceen Daily ??Jeremy Kay?Slash film???OTT??MUBI?????
???????????????????????????????
?????????:??????????????????????????????????????????????????????????????????????????
 
????????????????????,????????,????????????????,?????????????6?????????????,??Z???????,???????????????????????????????????????????,????????????,????????????????"
????MONEYBOYS,"??
??","?2021???? ??????????
????????C. B. YI?????????,???????????????
??????????????????????,????????,????????????,?????????????????????
??????????????????,????????,??????????????????????????????????????
??????????Screen Daily?????????????????????????????????,????????????,???????????????????
 
?????????,?????????…
 
??????????,????????????,???????????
??????,???????,????????,??????????????????,????????????,??????????????????????????????,????????????,???????????,?????????,????????????,??????,??????????????????,???????????????????,????????????,??????????????????????
 
?????MONEYBOYS????????C. B. YI???????????,?????????,?????????,???????????,????2021????????????,??????,??????Screen Daily?????????????????????????????????,?????????????????????????????????????????????????,??????????,???????????????????????????,?????????,??????????????????????,????????????????????????????????????,???????????????????????????????????"
?????,"??
??/??","? ????????????????,21????????!
? ??????????,??????????????????
? ??????????????????Cube?
? ????????????????,??????????!
 
???????????,?????????????,????????????????,???????????????????????????????,?????????,???????!???????????,????????,????????,???????????????……"
??????,???,"? 2021 ??????? ?????????
? 2021 ??????? ?????????????
? 2020 ???Hot Docs??????? ????
? 2020 ?????? ?????????
? 2020 ???????????? ????
? 2020 ??????? ???????
? 2020 ??????? ????
? 2020 ????? ????
 
?????????,??????
???????,???????????????
—— ?????,???352?
 
????????,?????????????????????????????????????,????????????,??????????????,???????????????:??,??????,?????????;??,?????,????????????;?????????????????,?????????????,??????????????????,???????????????,?????????????,???????????,?????????
 
??????????,???????????????,????????????????????????:???????????????????????????????????????????????,?????????????????????,?????????????????,??????????????????????????,??????????"
???????? ?3?,"??
??","????????2??????
?????????,???????????????,????????????!??????????????,????????????,???????????
????????????!
?????????v.s.????????????v.s.???????????????v.s.?????;???????????????????????!
??????????!????????????"
??:?????,??/??,"? ??????,??????????
? ????????????????????,??????????????
? ???????????????????????????!
? ????????????,13?????????????!
 
??,?????????????,???????????????,???????13??????(??? ?)?????(??? ?)???(??? ?)?????????,????????,???????????????????????,???????????????"
?????,"??
??/??","?2021????????????
??????????? ????????
??????????? ????? 
???????????????????????????????-????
 
1985?,??????????,??????????????????,???????????????,?????????????,????????????,????????????,?????????,???????????????????????????,??????????????,?????????,?????????????,????????????????"
???????,"??
??","? 2021????!???????????
? ???????????!???????? ?????????
? ????!?????????????????????????
? ???? ????????? ?????? ??????? ??????
? ???????????? ?????? ???????!
 
??(????????? ?)?25?????????,??????????????????????????????????????????????,?????????(??????? ?)????,??????????????????????????,???????????????,???????????????????????????????????,????…"
????,"??
??/??","?????????????????
?????,????????????,???????????????????????????,?????????????????,??????????????,??????????????????,????????,????????????????????????(Black Mirror)????????(Crash)?????????????,???????????????????????????,?????????????,?????????????,???????????????,?????????,????????????:?????,????????
 
?????????????????????(Agata Alexander),???????????????????(Marilyn Manson)????????????,?????????????????:?????????????????,?????????????,???????????????????????????,????????????,???????????,??????????????????????,?????????????????????,??????????????????,??????????,??????????????????????????:????,?????????????????????????????
 
???????????,??????????,??????????(I Am Number Four)???????(Alex Pettyfer)????????(She's Out of My League)?????(Alice Eve)?????(Malignant)???????(Annabelle Wallis)?????(Raw)???????(Garance Marillier)???????(The Mist)?????(Thomas Jane)??????????(Cold War)?????(Tomasz Kot)?????,????????????(Arnold Schwarzenegger)??????????(Patrick Schwarzenegger)??????,??????????????????"
????,"??
??","? ??????????????????
? ?????????????????? ×?????88????? ?????!
? ??????????????,???????????…
 
?????????????????????????????????????(??? ?)???????,?????????,?????????(?? ?)????????????,??????,??????????,??????????????????????????,????????????,??????????……"
??? ????????~?????????~ FINAL,"??
??
??","? ???? x ???? ???????????!
? ?????????????????????
? ?????????????
? ????????King & Prince??????
? ?????????????????????,????????…!
 
???????????????????????????????????68???????????,????????(???? ?)????????(???? ?)??,??????68??????????????????????????????????,?????????????,???????????????????……?"
????,??,"???????(??? ??)???,?????????????,???????(??? ??)??????(??? ??)????????(??? ??)????????(??? ??)?????????
 
??????????,???????????????????,????????,?????????????,?????????????,???????????,????????????????????(??? ??)????,??????????,???????,????????
 
?????????????,??????,????????????????(??? ??),???????????????,???????????,????????????????????????????????,?????????????,??????????????,??????????????????,?????????????????,????????????"
????,??,"????????????????????????????,?????????????????????????????????????????,????????????????????????????????????(???????????????????????????FOR LIFE?)????,?????????????(??????)?
 
????????????,?????????,?????????(??????????)???????????????,??????,??????????????????????????????,?????????????,????????,????????"
?????,"??
??/??","??????????????????????,?????????1960??,??????????,??????,??????????1960???????????????,???????????,???????…"
???,"??/??
??","???????,??????????????????????????????????????2003?,????????,??????,???????????????4??????????,?????????????????,?????40???,????????,???????????,??????,???????,???????????,??????????????????????????????????????,???????????????7?????????,?????????,???????!"
??,"??
??","? 2021 ?????????? ?????
? 2021 ????? ?????????????????????????????5???
? ?16????????????????????????
? ????????????????????????
? ?????????????????????
? ????????????????????????
 
??????????(??? ?)??48??????????(??? ?)????????,????????????,????????????????,???(??? ?)?????,??????????,???????,?????(??? ?)???,??????????????????????"
???? –Progressive- ???????,"??
??","?????????????Sword Art Online?????,???15??????????<??>???????????VRMMORPG?Sword Art Online????????????
 
?2009?4?????????????????????,??????????????2600???TV???2012????1?,?????4???,?????????,???????????
 
2017???????????? ?????,?????25?????????,??????????????????????????????????,???????????????,?????????????????,?????????????,??????????
 
?????Progressive???????????????,?????????????????????,????????????????????-??????????????????????,????????????????"
?????,"??
??","???????????6???3D????!
???????????????????????
????????????????????•????????  
???????????????????????????????
???73???????????
?????????ANNA???????????????????????????
 
????,????????!
 
????????????????,???,????????????????,???,???????????!??????????,?????????,???????????????????????????,???????????,??????????,??????????????,??????????!"
????,??,"??????????????2??????,
?????????????????,?????????????????
??????????????,???????????????,??????
 
???????????????,????????????????“?”???????????????????,??????????????,?????“?”????“???”???????,?????????????? …"
??,"??
??/??","??????????????????????? ??????????
?????? ??????????????????????
?INSIDER?VULTURE?????????2020??????????
??????????! ????????? ???????????
 
???????????,??????,????????,????????????,?????????,??????????,??????????????????…
 
???????(???? ?)?????????(????? ?)????????????,????????????????????,????????????,???????????????????????,???????????????,?????????????,???????????????…
 
???????????(Nick Antosca)?????????????(The Quiet Boy),?????????????—??????????,???????????????????"
??,"??/??
???","? ?? 2007?????,????????????15?????,??????
? 70?????????????????(Joy Division) ??????
? ????????????? (Ian Curtis) 23????????????
 
1980?5?18?,?????????????????? (Joy Division) ??????? (Ian Curtis) ???????????????,????? (Iggy Pop) ???????The Idiot??????,?????????,???? 23 ?????
 
Ian Curtis ??,? Joy Division ??????,? Joy Division ?????????????,?? Ian Curtis ???????????,Ian Curtis ??????,???????????????? 1995 ?,Ian Curtis ???????? (Deborah Curtis) ????????????(Touching From A Distance),???? Ian Curtis ???????????????????,??????? Ian Curtis ???????????,????????????,??????????????
 
2007?,?????????????????(Control) ???????,????????????,???? IMDB ??? 9.0 ??????,??????????,????,??????????????????,?????????????
 
?? Ian Curtis ?????,???????Ian Curtis ???? Deborah,??????,????,???????,?????????????????????? Joy Division ?????????????????????,???? Ian Curtis ???????????,????????????,????????????,?????????????,??????-?????????????????????,?????????????????
 
???????? Ian Curtis ?????,? Ian Curtis ?? Deborah Curtis ????????,??????,??????,????,?????????????? Joy Division ??????,???????? (Depeche Mode)?U2 ??????????????(Anton Corbijn) ??????,??????????,??????? Joy Division ??????????Atmosphere?MV ??? 35 ??????????,? Ian Curtis ????????,??????,??????,???? Ian Curtis ???? Joy Division ??????
 
????? Ian Curtis ????? (Sam Riley),? Ian Curtis ????????????????????????????,?????,?????,???????????????,?????? Sam Riley ??????????????,??????????,????,????????????? Ian Curtis?Joy Division ??,????????????????????,???????????????????????,??????????
 
2021?,????????? 15????,?????? 35 ?????????????????,?? 2022 ???????????????????,??????????????????,??11?12 ??,???????????,????????????,?????"
????:????,???,"????????????
??????????(MIFF Awards)
?IndieFEST???????????Impact DOCS Awards???????
?????????????????????????
?????????,???????????????
?????????,?????????????????
??????,???????????,????????!
 
????????????????,???????????????????!??????????????????…????????????,????????????,???????????????,???????????????????????…?
 
??????10%????????????????????????????,??????????????,?????????????
 
?????????????????????????,?????????????(Mind and Life Institute),????????????,?????????????????????,?????????,??????????????,???????
 
???????????????,????????,????????,???????????????????????,?????????????????????,??????????,????????????????????,??????????????????
 
?????????????13???????,??5??????????????????????????,23???????????,????????,??????????
 
???,?????????????????????????1989?????????,2011??????TIME???????????????25?????,???????!
 
????????30????????:????? ????????????
 
?????:????????????????????????????????????????-???(Richard J. Davidson)??????????,???????????????????????????????,????????????,??????????????,???????????,?????????????????????????????????(Susan Bauer-Wu)????????????
 
????????????????????????????,?????????????????????????????,????????????????,?????
 
?????:?????????????????????????????????????????????,??????????,????????????????????
 
??????,?????????,????????,??????,???????????????????????,???????????????????,?????????????????????????,???????,?????????????????????
 
?????????????,????????????????????????????,?????????????????????,?????????????????????,???????????????????????????????????,?????????????,??????????????????,???????????????????????????????"
????,???,"? ??? CNEX????????? ?????
? ???????? ???????
? ???????????? ???
 
???????,?????????,
???????????,????????????
 
???????????????????????????????????????,??????????,?????????????????,????????????????????????????????,???????,?????????????????????????????
 
??,??????????????,???????????,???????,????????????,???????????????????????????????????????,??????????????,????????????????????????????,??????????????????????????????????????????,????????????????????????
 
?????|??????
 
?????????????????,?????????????????,??????????????????? ????,????????????????????????,????????????????????,???????????????????,????????????????????,?????????,??????,????????????????
 
????????????????????,?????????????????,?????????????,???????????,?????????,??????????????,??????????
 
???????????????,???????????????????,?????????????????????,?????????????,????????????????2016??9??????????????,?????????????????,???????????????????????????????,????????????
 
????????????????????????,???????????,?????????????????????"
????????,???,"????????????? ????
?????? ???????
???????? ????
?????????? ????
???????? ????
??????? ????
 
??????????????
??????????????????????????,????????????????,??????????????????????????,?:????????(Eijk and Rose-Marie De Mol van Otterloo)??????????(Thomas Kaplan),???????????(Duke of Buccleuch),??????????????????????????????(Eric de Rothschild)???,???????????????,????????????,??????????????????????????,????????????????
???????????????????:???????????(Jan Six),?????????????,??????????????????,????????????????????,???????????????,?????????,?????????…?
 
???????????????????????,???????????????????????????????,?????????????????(OekeHoogendijk)?????????? ???????????(The New Rijksmuseum)?,???????????????????????????????????????????????????,???????
 
??????
 
???(Rembrandt HarMenszoon van Rijn,1606 ~1669),??????????,???????350?????,?????????????,???????????????????,???????,????????,?????????,???????????????????
????????????????(My Rembrandt)????????????????????,????????????,????????????,?????????????????????(Rijksmuseum)??????????????????????????????????,????????????????"
???,??,"? 2021 ??????????
? ?????????????????????????
? ?????????????????????????
? ??????????????,??????????!
 
?????(??????? ?)??????(????? ?)???????????,??????????????,??,???????????????????,???????????,???????????,???????????????……"
????,???,"?????????????????
????????????? ??????
????????????????????????
?????????????
???????????????????????????
??????????????????????????
????????????????????????????
 
?? ? ? ? ? ? ? ? ? ??
??,????????????,????!??????????????~
???,?????????......??????????
???,?????
 
??????????????????????????????,?????????????????????:????????????,?????????,???????????????????????,???????????,????????????,?????????,?????????????????,?????????,??????,??????,????????????"
????,"??
??
??/??","? 2021 ???????????
? 2020 ???????????????
? 2020 ??????? ????
? 2020 ?????????? ?????????
? ????????????????????
? ????????????????????????
????????????????Film Threat
 
??(??????? ?)???????,????????????,???????????,????????????????????????,????????????????,????????????????,????????????????????,??????,?????????????????,??????????????????????"
?:?????,??,"? ??????,????22?,?????97.3%!
? ?????????????????????,??????????
? ????? ???? X ???? ???? ??????????
????8??????????????????????
? ???????????,?18????????…
 
??????????(???? ?)????(???? ?),????????(1989?)?13????????,?????????,????????????????8??,21?????????????????,???????????,?????????????,??????????????????,????????????10??,??????????(2019?),??????????????……"
???,"??
??","?????????????,????????,??????,???????,?????????,????,??????????????????????,???????????????,??????,??????????,???????????……
 
??????,????????:??????,???????????????????????,????????????… 
 
????????????????????,??????????,?????????????????????"
????,???,"???????????!?????????
???????????????,????,????????????????????????,????????????????????,???????????????????,??2016???????????????????,?????????,????????????????,????????????????????????,??????????????3?40?????,????????,????????????,?????????????????????????,??????????????:?????????,???,?????????????,?????????????????,????????????????????????????????,?????????????????,???????,???????????????????,??????,???????????????????????????,???????????????????,???????????????????????????????????????????????,?????????????????????
 
??????,??????????????????
???????????????????,??????????????????????????????????????????????????????????????????????????????????????????????????????,???????????,??????????????????????????????????,???????????????,????????,????,??????????????,????????????????????,?????????,??????????????,????????????????????????,??????????????,???????????????????????,????????????????,??????????????,???????????????????,??????????????????????????????????????????????????,????????????????????????????????,???????????"
??,??,"?????????????????????????,????????????????????????????????,?????????,???????????,??????????????????????????????????????,????????????,??????????????"
????,"??
??","? ????????!???????????????,????????!
???????????X???????????,???????????!
? ???????????????,??????????????????
 
???????,?????????!
????,????????????,???????(??? ??)?????????????,???????,????????????????,??????????????????????(??? ??)???????,??????????,??????????????,??????????!????????????,???????,?????????"
?????????:??????,"??
??","Humarise????,??????????????????????????????????…?
 
????????,?????????????????
??????????,????????????????????????????????,????????????,?????????????
 
??????????,????????,??????2?????????!
????,??????,?????????213??,????29???!?????????????
2014?,?????????????JUMP?(?????)??????,??????????5000???????????????:????????,????????????????????????????????:?????????????????????????,?????????????????:???????,???????????????:????,????????????;???????????????:????(??)???????????????,?????????????????????????????????????,??????JUMP????????????????????????????????2016?????,????(2021?)3?27?(?)???????!?????,?2018?????????,??19??????,????????17????????????????????,????????????????????????,??????????????IP???????????????????????PLUS ULTRA,?????????,????????!
 
????????!?????????????!
??????????;?????????????????????????????????:?Humarise????????????????????,??????,??????????????????????????????????????????,??????????????????,??????????????????????
????????????????,?????????????…?
 
????,??????:???????????????????????
?????????????,???????????????"
????,??,"???????????????,????,??????????????????,?????????????????????????????????????????????,????????????????????,????????????????????????,???????,?????????????,???????????????,????,??????????,???????????????"
????,"??
??
??/??","??????+??????,????????
?????????????(Everest)????????(Deepwater Horizon)??????????????????????,?????????????????,?????????????,??????????????????,?????????,??????????;???????,???????????
 
??????????????(Travis Farncombe)??:????????????????????,??????????????????????????????????????,??????????????????????????,????????????????:???????????????????,??????????????????????,???????????????????????,???????????????????????????????????(Lindsay Gossling)??:????????????????????????,??????????????????????????????????????,???????????,???????????????????????,??????????????????????
 
??????,????????????????????????????????????:??????,????????????????,??????????????,???????????,????????????,????????????????????????,?????????????,?????????????"
????,"??
??","????????????????,??????????????,?????????????????????????,???????????????,????????,??????????,??????????,????????????????????,?????????????… 
 
????????????????,???????????????,????????????????"
????2:????,??,"?????????????????2:???????????????????????????470?????????????????
 
?????2:???????????????????,????????????????????????????????,??????????????????????????????????????????(???? ?)????????,??????????(???? ?)??????,?????????????????????
 
??????,??????????????????????????,??????????????????,????????????????????????????????????????????????????????????,?????????????????"
????,??,"????????????????,?????!?????????????????!????????????????????????
?2004????????????????????????????????????????????????????
??????????????????????????????STUDIO 4?????,???????????????
 
?????????,?????????????????????????????????,??????????,???????????????????????????,?????????????????????,?????????????,??????????????,?????????"
??,"??
??","?????????????????,??????????,??????????????,?2021??????????????????????????????????,???????????????????????,?????????????,?????????"
?????,??,"???????,???????????…
????,??????????????????,?????????????????????,??????????????,????????????????????????"
??2:???,"??
??","2018?????????????????8.5?,?????????? 7 ?????????,???2:?????????????,??????????,?????????????????????????????????????,???????????????????????????????!"
?????,"??/??
??","?!?!?!!!??????????,??(????? ?)???,???????????????????(????? ?)?
 
????????????????????????,???????????????????,???????????????,??????????????,???????,??????????????????????"
??????,??,"? ??3???????,????58?
? ?74?????????????????
? ????????,??????14??!????????7???!
? ??????????????2021?????
? ????????????Jin Kim??????????
? ?????????????10???????????
? ?????????????????????
? ??“??”????????—
 
??????????17???????,??????????????????????????????????,?????????????,?????????????????????,??????????????50??????????U?,??????????????,??????????,????????????,???????????????????????……?"
007????,"??
??
??/??","??????????007?????????25?,??????????????,???????????????,??????????,M??????,?????????????????M??,??????????,???????????????????Q??,?????????????,??????????????,?????????????????(Eunice Gayson)??,????007??57????,????????????????;???????????????????????? ???????????????????,??4???????,??????????????????????????,??????????????,?????????????????
 
??007??????,???????????,????????????? 
 
????????????????????????,??????????????????????????????,?????????????????,???????????"
????,??,"? ????????????!
???????????????????!
? ??4000???????????????,?????????? !
??????????????????3???????????????!
 
300????? 30?????? ??????!
 
???????????????????????,??????????,??30???????????????????????(?????)???????????(???????)???????,????????300????????????,??????26????????????????????????????????????????????,?????????????????????...?????????????????????,??????????????,?????????????????????!"
????,"??
??","? ????????? ???? ????
? ?????!????? ??????? ???????! 
??????????????????3:???????????
????????????? ??????? ??????????!
? ?????!??VS?? ????? ?????!
? ??????X??????X?????? ?????????
 
?????????(?????? ?)???????(????? ?)???,???????(???????? ?)??????????????????,?????????????,??????????????????????…"
????:????,??,"??????????????????????????????,??70????????????
??????,??????,???????????,?????????????????
 
1973?,?????????,??????????????,????,??????????
 
????????????,???????????? (??? ?)????(??? ?)????????????,???????????????(??? ?)???????(??? ?),??????????????????,??????,???????,??????????????????,????????????,????????,??????????,????????"
????:??!????????????,"??
??/??","?2021???????????????
?????????????????????
????????????????????????????
???????????????????????????????
 
????????????,???????????????????????????????,???????????????????
 
?????????????????,????????,?????????,???????,??????????????????????,?????????????????!??????????????…?
 
????,????????????????!????????,??????????????????????????????!??????,?????????????????????????????????????"
????2:????,"??
??
??/??","?????????????????????????,?????????(?????)??(?????)?????????????????????????????????????,?????????????????????,????????????????????????????????????,???????????,?????????????"
?????????,"??
??","??????????????????!
?????????????????????,???????????,?????????????(?????????????????),??????????,???????????????????????????????,????????????????,??????????????????????????,??????????,?????????!?????????????????????????????????????,?????????,?????????????????????????????????????????,????????????????????????"
????,??,"??????????????!??????????
??????????????????????????????????????????????????????????????,????????????????????????????????????,???????????????,???????????????????,???????????????,???????????????????????,?????????????,???????????????????????????????????????????,???????????,?????????,????????,????????????????,???????????,????????????:????????,??????????????,????????????????????????,???????????????????,??????????????,????????????????????????????????????????,????????????,??????????????????????????2020???????????????????????,????????,?????????????,???????????????????
 
?????????????????,????????
???????,????????????????????,????????????,????????????????????????????,??????????,?????????,?????????,????????????????????,????????????????,????????????,???????,?????????????????????????????,???????????????,????????????,??????????????,?????????????????,??????????????????????????????????????????????????????????????????????,???????????????????,?????????????????????,??????????????????????,??????????????,???????????????,???????????????????????????????????????,???????????????"
???,??,"????????????,??????????????????,?????,?????????????????????????,???????????????,??????????????????????,????????????????????,?????????? 
 
????????????????,??????????????(1976)????????????????????????,??????,???????:????????,??????????????,?????????????????—????????????,??????????????????????,????????????,????,????,????????????????????????,?????????????????,???????????????,???????—????,???????????????????????????????,????????? "
??,"??
??
??","???????????????????????,????????????,???????????????,?????????????,???????????????,???????????????????????????????????????,????????????,??????????????,????????????????
 
??????????????????????(???????????????)???????(??????????????:?????)???????(??????????)??????????????(?????????????:?????)????????(HBO??????????????2:?????)???????(????????????????:?????)??????????(????????????)????(????:?????HBO?????)????????(?????2049????????)???(????????????)?????????(???????:??????Netflix????????),????????????????(?45?????????),?????(??????HBO???????),???????????(????????007:?????)?"
???,"??
??/??","????????
???????????????????,?????????????????,???????????????????,??????????:??????????????(?????)???????????????????
 
??????????????????????????,????????,???????????????,??????????????????????,????????,??????????????,????????????????,??????????????????????,???????????(HBO?????????????????????? ?)?????,????????????(???????????????????? ?),??????????????????,?????????????????,?????????,?????????????????
 
???????????????????,??????????????(HBO???????????????????????? ?)?????,?????????????????????????????????????????????????????,????????????????,?????????????????,?????????????????????,?????????????,???????????????????,??????????????
 
??????????,??BRON Creative????,???????????Monkeypaw Productions????????,?????????????????,???????(????)???????????;????????????????????????????????1992??????????????????????,???????????????????????(The Forbidden)?????????????????????????????????"
????2??,??,"??????? ???? ?????? ??????????
???????????  ????????? ?????????!
? ??? ?????? ?????????? ????????????!
?2?????????????????? ???????????
???????????? ?????????
 
????????,????(???? ?)???????????,??????????????,?????????????????,??????????????????,?????????????,?????????????,?????????,??????????????,???????"
????,"??
??/??","???????????,??????,??????????????,????????????
???????,??????!?????????????
????????X??????????,????????????
???????????????????????,????+???????????????????
 
?????????,????????!
 
????????????????,????????????????????????????????,???????????????,??????????????????????????,??????,?????????????????????????????????,??????????????????,????????????????????????,??????,??????????,???????????…???????????????,?????,???????????
 
???????????????????????,????????????,???????????,????????????????????????????????????,????????????????????,????????????????????????????,???????????????????????????,???????????????????????????,????????????,?????????????????,???????????????????????????????,????????????????!"
???????,"??
??
??","??????????,???????????????????,??????(?????)????????(?????)???????,??????????????????,??????????,????????(??????),???????????,?????????… ??????????????,??????????"
??,"??
??/??","????????????????,????????????????,??????;??????????????,???????????????,?????????,?????????????????????"
??????2,"??
??/??","??????????,???????????(??????)?????????,?????????????,?????????…"
???,"??
??
??/??","??????(???? ??)????????????,??????????????,?????????????????????????,??????—?(?????? ??)????,??????????????????,????????????????????????????,?????????????,????????????????????????,????????"
????,"??
??","?????? ??????????? - ?? (?????) ???????????????,?????????,???????????????????????????,???????,??????????????,?????????,??????,????????C????A???"
????9,"??
??","???????????3???4???5???6??????????????????9?,???????????????????????????9???????????????????,??????,????????,????????????????,????????????????????????????????,????????,??????????,????????,???????????????????????????????????????????????????????????????????????????????,???????????????????????????????????????B??????9?????????????,???????????????,??,??????????????????????"
?????,"??
??","??????????????,?????????????????????,????????????????,????????????????,????????????,???????????,???????????????…
 
???????????????,??????????,???????????,???????,??????????,???????????…"
?????:??,"??
??","??????—????????????????????????????,????????????????,????????????????X????????????????????????????????????????????????2????????????????????????,???????????????????????,?????????????,?????…?????????,???????????????????????????????????????????,??????????????????????,???????????…"
????,"??
??
??","????????????(????? ??)??????????,???????????????,??????????,??????????????????????,???????????,??????????,??????????,??????????????????—?????(???? ??),?????????????(?????? ??)????????????????????
 
?????????????????????????????,??2020?????????!?????????,?????????????????,????????????????,??????????,??????????????????,??????????????!"
??,??/??,"?????????????????????????????????,?????????????????,??????????????????,???????,????????????
 
????????????????????????????(??????????????)??????(??????)???????(???????????)???(?STAR WARS:?????)????????(???????)????(HBO?????????)?????(Syfy??????????)????????(????)???????(????????)???????(????)??????(?STAR WARS:?????)???????(Showtime????????)????????(??????)?
 
???????Blinding Edge Pictures??,??????????,????????????????????????????????????????????????(?????????)???????(?????AppleTV+????????),?????????????"
???,"??
??","????2020???????,???????,??????????????,???????????????,10??????7??????,???????,????????????,?????????,??????????????
 
????????????? 3 : ???????,???????????????????,???????????????,???????,????????????,????????????????"
??,"??
??/??","???????????????????,??????????!
? ???????????????????,??????????????!
? ???????????????,??????????????????!
 
??????,??????…
??????????????(?????? ?),??????????,??????,????????????,????????????(?????? ?)???????,??????????,??????????????(?????? ?)???(?????? ?)????????????,???????????????????????????…?"
?????,"??
??","???????????????(?????),???K???????????????,??????????(?????)???,?????????,???????????????
 
?????????????12?31???,?????????,?????????????,?????????"
????,"??
??
??/??","? ???????,?????????
???????????????????,?????????
?????????????????? ???????
?????????: Miss Water ?????Take me right now?Feat. Fi-Né ??
 
??????,????????,????????????,????????????????????????,??30?????,??????,??????????????????????????,??????????,????????,???????,??????,????;????????,?????????????…"
????,??,"? ???????,?????????????????
? ???93?????????????
? ??????????????????,???????????????????
? ?????????????????????????
? 2020????????????????
? 2020?????????????????????
? ??????,???????????
 
???????????????????,???????????????,?????????????????,???????,????????????????????????????:?????,????????,?????????????????????????????????……"
????,??,"?????????? ???????
????????????X?????????X?????????
 
???????????????????????????STAY???????????????;?????????????????????????,?????????????????????????????;??????????????????????,????????????????????????
?????????????????,????????????????????,??????????????????:????????????,?????????????,??????!??????????,??????????????,?????????????????,??????????????????????
 
?????????????????
 ????????????????????????
?????????????????,??????????????????,??????????;?????????????????????????????,??????????????,????????????????????????????????Rain Song????????????????!????????2020?????????,??????????????????,??????????????????????????,???????,??????:?????????????????????;???????????,????????????????????????,????????
 
?????????????? 30?????? ?? 110???
??????????????????????????,?????30???????110???,?????????????,????????????????????,??????????????????!???????????????????? --??,????????????????,??????????????????????,????????,??????????????????????????,????????????,????????,?????????????????????????,?????????????!??????????????????????????????????
 
???????B??????? ??????????????
?????? ??????????????????
?????????????????????????,?????????????????????????????????????????????B??????????,???????????????,????????????????,???????????????????????,?????????????????!????????????????,??????,????:???????!???????????????!????:??????????????????,????????,????????????????????,??????????????????,?????????????
 
????????????,????????????????????????,????????????????????????????????,????????????????????????,????????,??????????????????!????,?????????????:??????????????????,?????????????????????????????,???????????????????!?"
????,??,"?????????????9???????????????
 
???????????2012??????????????????,?????????????????,???:????????????,??????????,???????,???????????????????????????????????????????????????????,?????????:?????????????,????????????????????,????????????????????????????????,?????????,???????,?????????????
 
?????????????????????????,???????????????????????????,???????????????????????????????,??????????????????????,?????????????,??????????????????,????????????????????????????,?????,????150????????????,????????,?????????????????????785???,???????????:???????????,???????,????????,????????????????????????"
??? ??,"??/??
??","???? ??????????,????????????????????48?????????????,???2009?????????????????!?????????,????????,??????????????,???????2013?????????????????????????????????????????????????!
 
 
 
???? ??????????????,???????????????????,???????????? ???????????,??????????????????????????!"
????,??,"??????????,??????????????(????? ?)?????,???????????????,????????????????????“???”,?????????????????“????”???????????,???????????????????,?????????,??????????,??????????????,?????
 
??????????????,??????????????????????,????????????????,???????????????????????????,?????????????????????????,?????????,????????"
????,"??
??
??","????????,????(MMA)????????????????,??????????,??????????(Outworld)?????????????????????,???????????????????(Cryomancer)??????????,?????????????????????????????????,???????????????????????????????,???????,???????(Earthrealm)?,??????????????????????????????????????????????,??????????????,?????????????,?????????????,????????,?????????????(arcana)?,????????,?????????"
????,"??
??/??","????????????????????(?????????????? ?)??????????...??????????????????????,?????????,??????????????????,?????,??????????????????????????,?????????(?????? ?)???????????,???????????
 
??????(??????? ????? ?)????,??????????????????????????,??????????????,???????????????????????????,??????????,????????????????,?????????????????????????????????????,?????????????????,???????????????????--?????????????????????????????????,??????????????????
 
?????,??????????????????(??? ?)???????,??????????????????????,??????????????????????????????????????,????????????????????????????????"
????:??,"??
??","?????:?????????????????????,?????????????????????????,???????????????,????????????,?????,??????????,???????????,???????????????,???????,?????????
 
????,????????,???????????,?????????,??????,???????,????,??????,?????????,????????,???????????,??????,??????????????????…"
????,??,"??????????,2017???????????????!
????????????????????,????????19????
???????????:?????????? ????X??????????????2: ????????????? ???? ???????!
??Call Me Maybe??I Really Like You?????????????•?•???????????!
?????????????????,??????????—??????
????????????,??????????????????,?????????????????? ??????????????
?????????????????????????????????,???????,?????????????,??????????????????????????19???,?????????????????????!??????????????????,??????????????????…???????????,?????????????????????????,?????????????????
?????Gaumont???????????????,??7??????????????????,?????????????,???????????????????????????????,???????????????????????????????????????????????,??????????????:??????????????????2?????????,????Call Me Maybe???????????????•?•????????????,???????????????????!"
